﻿helyezes,pontszam,csapat
1,7605,Diszkó Patkányok
2,6766,Romák
3,6272,No Name
4,6077,SLICC
5,6060,Fak-Anál
6,5891,BEERka
7,5724,Suvix
8,5622,Bio-Beton
9,5468,bőcsök
10,5307,Máglaweiss
11,5127,beerLUCK
12,4928,Lucifer
13,4918,oltáRI BANCzáj
14,4799,How high
15,4786,Kufircoló HÖKkelütött Sördögök és barátaik
16,4585,X-tázi eVo
17,4356,Nályki
18,4348,sárkányvíz
19,4198,HáTurul
20,4048,Pszichopata Mittomén ?!
21,4007,Maroknyi Szék-Hej
22,3772,mi a baj?
